<?xml version="1.0" encoding="UTF-8"?>
<project-private xmlns="http://www.netbeans.org/ns/project-private/1">
    <editor-bookmarks xmlns="http://www.netbeans.org/ns/editor-bookmarks/2" lastBookmarkId="0"/>
    <open-files xmlns="http://www.netbeans.org/ns/projectui-open-files/2">
        <group>
            <file>file:/C:/wamp64/www/SM/App/Controler/CompteControler.class.php</file>
            <file>file:/C:/wamp64/www/SM/Views/compte/compte.php</file>
            <file>file:/C:/wamp64/www/SM/App/Controler/DataBase.class.php</file>
            <file>file:/C:/wamp64/www/SM/Views/compte/template.php</file>
            <file>file:/C:/wamp64/www/SM/index.php</file>
            <file>file:/C:/wamp64/www/SM/Views/compte/Filter.class.php</file>
            <file>file:/C:/wamp64/www/SM/Views/compte/DepotProduit.php</file>
            <file>file:/C:/wamp64/www/SM/App/Model/Produit.class.php</file>
            <file>file:/C:/wamp64/www/SM/App/User.class.php</file>
            <file>file:/C:/wamp64/www/SM/static/css/siderbar.css</file>
            <file>file:/C:/wamp64/www/SM/App/Controler/AppControler.class.php</file>
            <file>file:/C:/wamp64/www/SM/Views/compte/Retrait.php</file>
            <file>file:/C:/wamp64/www/SM/App/Model/App.class.php</file>
            <file>file:/C:/wamp64/www/SM/App/ObjetHtml/Layout.class.php</file>
        </group>
    </open-files>
</project-private>
